{
    "ticker": "SP500",
    "window": "180d",
    "model_family": "hgb_lstm_hybrid_reg_v1",
    "rmse": 0.10239126283094614,
    "r2": -1.440530846936555,
    "da": 0.6510791366906474,
    "pos_hit_rate": 0.7008086253369272,
    "neg_hit_rate": 0.25,
    "score": 2.9347221161769825
}