{
    "ticker": "DJIA",
    "window": "5d",
    "model_family": "hgb_opt_featbywindow_reg_v1",
    "rmse": 0.019177054298993846,
    "r2": -0.07724389880023952,
    "da": 0.5520431765612953,
    "pos_hit_rate": 0.8688293370944993,
    "neg_hit_rate": 0.17006802721088435,
    "score": 15.913580662346003
}