{
    "ticker": "SP500",
    "window": "5d",
    "model_family": "hgb_opt_featbywindow_reg_v1",
    "rmse": 0.021001947672744388,
    "r2": 0.008515067961719303,
    "da": 0.5304548959136469,
    "pos_hit_rate": 0.6354883081155434,
    "neg_hit_rate": 0.39649122807017545,
    "score": 14.553671766280662
}