{
    "ticker": "RUSSELL2000",
    "window": "5d",
    "model_family": "hgb_lstm_hybrid_reg_v1",
    "rmse": 0.038879168241198026,
    "r2": -1.4859606152476972,
    "da": 0.47368421052631576,
    "pos_hit_rate": 0.10176125244618395,
    "neg_hit_rate": 0.888646288209607,
    "score": 7.641570217090806
}