{
    "ticker": "DJIA",
    "window": "20d",
    "model_family": "hgb_lstm_hybrid_reg_v1",
    "rmse": 0.04810976692127598,
    "r2": -1.6926200883367084,
    "da": 0.42872117400419285,
    "pos_hit_rate": 0.26837606837606837,
    "neg_hit_rate": 0.6829268292682927,
    "score": 6.112944114821202
}