{
    "ticker": "SP500",
    "window": "5d",
    "model_family": "hgb_lstm_hybrid_clf_v1",
    "auc": 0.5143394826123835,
    "f1": 0.7401574803149606,
    "accuracy": 0.5913312693498453,
    "pos_hit_rate": 0.9791666666666666,
    "neg_hit_rate": 0.022900763358778626,
    "score": 0.5948220857507168
}