{
    "ticker": "DJIA",
    "window": "180d",
    "model_family": "hgb_lstm_hybrid_reg_v1",
    "rmse": 0.08399490951903853,
    "r2": -0.9730048982670567,
    "da": 0.5491606714628298,
    "pos_hit_rate": 0.6086309523809523,
    "neg_hit_rate": 0.30246913580246915,
    "score": 3.635875335987156
}