{
    "ticker": "SP500",
    "window": "180d",
    "model_family": "hgb_opt_featbywindow_reg_v1",
    "rmse": 0.09236635994997602,
    "r2": -0.013769804246676065,
    "da": 0.7771836007130125,
    "pos_hit_rate": 0.9343863912515188,
    "neg_hit_rate": 0.34448160535117056,
    "score": 3.614083428995298
}