{
    "ticker": "SP500",
    "window": "5d",
    "model_family": "lstm_pytorch_reg_v1",
    "rmse": 0.03110307187133624,
    "r2": -1.1739954948425293,
    "da": 0.47368421052631576,
    "pos_hit_rate": 0.3466299862448418,
    "neg_hit_rate": 0.6371681415929203,
    "score": 9.644679705735895
}