{
    "ticker": "DJIA",
    "window": "180d",
    "model_family": "lstm_pytorch_reg_v1",
    "rmse": 0.07659437309231143,
    "r2": -0.14642763137817383,
    "da": 0.684870188003581,
    "pos_hit_rate": 0.7397094430992736,
    "neg_hit_rate": 0.5292096219931272,
    "score": 4.222545691115196
}