{
    "ticker": "WILSHIRE5000",
    "window": "20d",
    "model_family": "hgb_lstm_hybrid_reg_v1",
    "rmse": 0.03905678893390405,
    "r2": -0.25580111492627555,
    "da": 0.45178197064989517,
    "pos_hit_rate": 0.37712519319938176,
    "neg_hit_rate": 0.6091205211726385,
    "score": 7.860387139589961
}