{
    "ticker": "WILSHIRE5000",
    "window": "5d",
    "model_family": "lstm_pytorch_reg_v1",
    "rmse": 0.023611982629735496,
    "r2": -0.16679930686950684,
    "da": 0.47058823529411764,
    "pos_hit_rate": 0.20798898071625344,
    "neg_hit_rate": 0.8074204946996466,
    "score": 12.90163559174927
}