{
    "ticker": "RUSSELL2000",
    "window": "20d",
    "model_family": "hgb_lstm_hybrid_reg_v1",
    "rmse": 0.07316351914153922,
    "r2": -1.3224291338342673,
    "da": 0.5660377358490566,
    "pos_hit_rate": 0.9637681159420289,
    "neg_hit_rate": 0.01990049751243781,
    "score": 4.12398249783775
}