{
    "ticker": "NASDAQ",
    "window": "5d",
    "model_family": "lstm_pytorch_reg_v1",
    "rmse": 0.02991462440858368,
    "r2": -0.1963871717453003,
    "da": 0.44659442724458204,
    "pos_hit_rate": 0.14027777777777778,
    "neg_hit_rate": 0.8321678321678322,
    "score": 10.205166020367443
}