{
    "ticker": "SP500",
    "window": "20d",
    "model_family": "lstm_pytorch_reg_v1",
    "rmse": 0.04190853291732139,
    "r2": -0.13862192630767822,
    "da": 0.5621931260229133,
    "pos_hit_rate": 0.7242693773824651,
    "neg_hit_rate": 0.2689655172413793,
    "score": 7.406805866416132
}