{
    "ticker": "DJIA",
    "window": "5d",
    "model_family": "lstm_pytorch_reg_v1",
    "rmse": 0.018871028613546833,
    "r2": -0.04033017158508301,
    "da": 0.4969040247678019,
    "pos_hit_rate": 0.609308885754584,
    "neg_hit_rate": 0.3602058319039451,
    "score": 16.14095308134274
}