{
    "ticker": "NASDAQ",
    "window": "20d",
    "model_family": "lstm_pytorch_reg_v1",
    "rmse": 0.08286918958013226,
    "r2": -1.6043219566345215,
    "da": 0.4582651391162029,
    "pos_hit_rate": 0.24115334207077327,
    "neg_hit_rate": 0.8191721132897604,
    "score": 3.5319549834935913
}