{
    "ticker": "WILSHIRE5000",
    "window": "5d",
    "model_family": "hgb_lstm_hybrid_reg_v1",
    "rmse": 0.021553097297259016,
    "r2": -0.3604504534986184,
    "da": 0.4231166150670795,
    "pos_hit_rate": 0.09122203098106713,
    "neg_hit_rate": 0.9201030927835051,
    "score": 14.058489368311816
}