{
    "ticker": "RUSSELL2000",
    "window": "5d",
    "model_family": "hgb_opt_featbywindow_clf_v1",
    "auc": 0.4980511020712026,
    "f1": 0.4825828377230246,
    "accuracy": 0.5036674816625917,
    "pos_hit_rate": 0.4507936507936508,
    "neg_hit_rate": 0.559463986599665,
    "score": 0.49594944201011815
}