{
    "ticker": "WILSHIRE5000",
    "window": "180d",
    "model_family": "hgb_lstm_hybrid_reg_v1",
    "rmse": 0.12682516616049663,
    "r2": -2.547036143679171,
    "da": 0.3657074340527578,
    "pos_hit_rate": 0.3028263795423957,
    "neg_hit_rate": 0.8791208791208791,
    "score": 2.0808166113385367
}