{
    "ticker": "SP500",
    "window": "20d",
    "model_family": "lstm_pytorch_clf_v1",
    "auc": 0.6122760499831534,
    "f1": 0.7761953204476093,
    "accuracy": 0.636963696369637,
    "pos_hit_rate": 0.9947848761408083,
    "neg_hit_rate": 0.020224719101123594,
    "score": 0.6454351099273495
}