{
    "ticker": "SP500",
    "window": "5d",
    "model_family": "hgb_lstm_hybrid_reg_v1",
    "rmse": 0.020745320454600907,
    "r2": -0.340428321004401,
    "da": 0.47678018575851394,
    "pos_hit_rate": 0.4670138888888889,
    "neg_hit_rate": 0.4910941475826972,
    "score": 14.631356504226298
}