{
    "ticker": "DJIA",
    "window": "180d",
    "model_family": "hgb_opt_featbywindow_reg_v1",
    "rmse": 0.07962141118229936,
    "r2": -0.2060323269418407,
    "da": 0.7219251336898396,
    "pos_hit_rate": 0.9164648910411622,
    "neg_hit_rate": 0.17905405405405406,
    "score": 4.062480216155316
}