{
    "ticker": "DJIA",
    "window": "20d",
    "model_family": "lstm_pytorch_clf_v1",
    "auc": 0.5991559052999731,
    "f1": 0.7530666666666667,
    "accuracy": 0.6179867986798679,
    "pos_hit_rate": 0.9971751412429378,
    "neg_hit_rate": 0.08531746031746032,
    "score": 0.6375133914820053
}