{
    "ticker": "WILSHIRE5000",
    "window": "20d",
    "model_family": "lstm_pytorch_clf_v1",
    "auc": 0.5594674065736548,
    "f1": 0.7721261444557477,
    "accuracy": 0.6303630363036303,
    "pos_hit_rate": 1.0,
    "neg_hit_rate": 0.011037527593818985,
    "score": 0.6266544253289287
}