{
    "ticker": "RUSSELL2000",
    "window": "5d",
    "model_family": "lstm_pytorch_clf_v1",
    "auc": 0.4965828122727934,
    "f1": 0.6829268292682927,
    "accuracy": 0.5185185185185185,
    "pos_hit_rate": 1.0,
    "neg_hit_rate": 0.0,
    "score": 0.5575565961660295
}