{
    "ticker": "RUSSELL2000",
    "window": "180d",
    "model_family": "hgb_lstm_hybrid_reg_v1",
    "rmse": 0.11955452551066131,
    "r2": -0.849290719333865,
    "da": 0.4088729016786571,
    "pos_hit_rate": 0.274582560296846,
    "neg_hit_rate": 0.6542372881355932,
    "score": 2.548286284119535
}