{
    "ticker": "DJIA",
    "window": "5d",
    "model_family": "lstm_pytorch_clf_v1",
    "auc": 0.5040854544165194,
    "f1": 0.7149508535954475,
    "accuracy": 0.5563607085346216,
    "pos_hit_rate": 1.0,
    "neg_hit_rate": 0.0,
    "score": 0.5769830341105144
}