{
    "ticker": "NASDAQ",
    "window": "5d",
    "model_family": "hgb_lstm_hybrid_reg_v1",
    "rmse": 0.0238495724328054,
    "r2": -0.03681599699347449,
    "da": 0.5187891440501043,
    "pos_hit_rate": 0.5147826086956522,
    "neg_hit_rate": 0.5248041775456919,
    "score": 12.830868478880436
}