{
    "ticker": "DJIA",
    "window": "20d",
    "model_family": "lstm_pytorch_reg_v1",
    "rmse": 0.05201723429421178,
    "r2": -1.1895833015441895,
    "da": 0.46890343698854337,
    "pos_hit_rate": 0.3319559228650138,
    "neg_hit_rate": 0.6693548387096774,
    "score": 5.763356276393966
}