{
    "ticker": "WILSHIRE5000",
    "window": "20d",
    "model_family": "lstm_pytorch_reg_v1",
    "rmse": 0.05380727191693045,
    "r2": -0.718065619468689,
    "da": 0.5646481178396072,
    "pos_hit_rate": 0.5971685971685972,
    "neg_hit_rate": 0.5078651685393258,
    "score": 5.713364243789658
}