{
    "ticker": "DJIA",
    "window": "5d",
    "model_family": "hgb_lstm_hybrid_reg_v1",
    "rmse": 0.01816392954342808,
    "r2": -0.24950996691199534,
    "da": 0.4551083591331269,
    "pos_hit_rate": 0.10215053763440861,
    "neg_hit_rate": 0.9343065693430657,
    "score": 16.68886916833962
}