{
    "ticker": "SP500",
    "window": "180d",
    "model_family": "lstm_pytorch_reg_v1",
    "rmse": 0.08012367034919488,
    "r2": 0.21349066495895386,
    "da": 0.7958818263205013,
    "pos_hit_rate": 0.8833535844471446,
    "neg_hit_rate": 0.5510204081632653,
    "score": 4.1734851008369915
}