{
    "ticker": "SP500",
    "window": "180d",
    "model_family": "hgb_lstm_hybrid_clf_v1",
    "auc": 0.3640278917145201,
    "f1": 0.4305835010060362,
    "accuracy": 0.3213429256594724,
    "pos_hit_rate": 0.2884097035040431,
    "neg_hit_rate": 0.5869565217391305,
    "score": 0.39018862547237876
}