{
    "ticker": "RUSSELL2000",
    "window": "5d",
    "model_family": "lstm_pytorch_reg_v1",
    "rmse": 0.039079622152008546,
    "r2": -1.1228678226470947,
    "da": 0.5085139318885449,
    "pos_hit_rate": 0.09818731117824774,
    "neg_hit_rate": 0.9396825396825397,
    "score": 7.687884427585366
}