{
    "ticker": "NASDAQ",
    "window": "180d",
    "model_family": "lstm_pytorch_reg_v1",
    "rmse": 0.15361208396876702,
    "r2": -0.62076735496521,
    "da": 0.4968383017163505,
    "pos_hit_rate": 0.5907928388746803,
    "neg_hit_rate": 0.27076923076923076,
    "score": 2.0687231826862895
}