{
    "ticker": "RUSSELL2000",
    "window": "20d",
    "model_family": "lstm_pytorch_reg_v1",
    "rmse": 0.050142377557079613,
    "r2": 0.04523855447769165,
    "da": 0.6104746317512275,
    "pos_hit_rate": 0.6304985337243402,
    "neg_hit_rate": 0.5851851851851851,
    "score": 6.297721680507614
}