{
    "ticker": "SP500",
    "window": "20d",
    "model_family": "hgb_lstm_hybrid_reg_v1",
    "rmse": 0.04083023369126646,
    "r2": -0.5271463187291339,
    "da": 0.44234800838574423,
    "pos_hit_rate": 0.3435114503816794,
    "neg_hit_rate": 0.6588628762541806,
    "score": 7.4700654650543665
}