{
    "ticker": "SP500",
    "window": "5d",
    "model_family": "lstm_pytorch_clf_v1",
    "auc": 0.5032424633207897,
    "f1": 0.7263212977498692,
    "accuracy": 0.5789049919484702,
    "pos_hit_rate": 0.9830028328611898,
    "neg_hit_rate": 0.04664179104477612,
    "score": 0.5876145891014882
}