{
    "ticker": "DJIA",
    "window": "180d",
    "model_family": "lstm_pytorch_clf_v1",
    "auc": 0.5808824663407411,
    "f1": 0.8280664167113015,
    "accuracy": 0.7525057825751735,
    "pos_hit_rate": 0.9358353510895884,
    "neg_hit_rate": 0.4309978768577495,
    "score": 0.7098691442253812
}