{
    "ticker": "NASDAQ",
    "window": "20d",
    "model_family": "hgb_lstm_hybrid_reg_v1",
    "rmse": 0.08610712847120289,
    "r2": -2.65968398714509,
    "da": 0.4192872117400419,
    "pos_hit_rate": 0.2110939907550077,
    "neg_hit_rate": 0.8622950819672132,
    "score": 3.1748103119680215
}