{
    "ticker": "RUSSELL2000",
    "window": "180d",
    "model_family": "lstm_pytorch_reg_v1",
    "rmse": 0.17514450990974656,
    "r2": -2.780625104904175,
    "da": 0.4476275738585497,
    "pos_hit_rate": 0.14854517611026033,
    "neg_hit_rate": 0.8685344827586207,
    "score": 1.377788274387986
}